{
  "profileId" : "quickstarts-cxf-secure.soap",
  "abstractProfile" : false,
  "description" : "Secure SOAP example using JAXWS with WS-Security",
  "parentProfiles" : [ "feature-cxf" ],
  "features" : [ "fabric-cxf", "cxf-ws-security" ],
  "bundles" : [ "mvn:io.fabric8.quickstarts/cxf-secure-soap/1.2.0.redhat-630187" ],
  "minimumInstances" : 1,
  "rootDependency" : {
    "groupId" : "io.fabric8.quickstarts",
    "artifactId" : "cxf-secure-soap",
    "version" : "1.2.0.redhat-630187",
    "type" : "bundle",
    "optional" : false,
    "children" : [ {
      "groupId" : "org.apache.cxf",
      "artifactId" : "cxf-rt-frontend-jaxws",
      "version" : "3.1.5.redhat-630187",
      "type" : "bundle",
      "scope" : "compile",
      "optional" : false,
      "children" : [ {
        "groupId" : "xml-resolver",
        "artifactId" : "xml-resolver",
        "version" : "1.2.0.redhat-10",
        "type" : "jar",
        "scope" : "compile",
        "optional" : false
      }, {
        "groupId" : "org.ow2.asm",
        "artifactId" : "asm",
        "version" : "5.0.4",
        "type" : "bundle",
        "scope" : "compile",
        "optional" : false
      }, {
        "groupId" : "org.apache.cxf",
        "artifactId" : "cxf-core",
        "version" : "3.1.5.redhat-630187",
        "type" : "bundle",
        "scope" : "compile",
        "optional" : false,
        "children" : [ {
          "groupId" : "org.codehaus.woodstox",
          "artifactId" : "woodstox-core-asl",
          "version" : "4.4.1",
          "type" : "bundle",
          "scope" : "compile",
          "optional" : false,
          "children" : [ {
            "groupId" : "org.codehaus.woodstox",
            "artifactId" : "stax2-api",
            "version" : "3.1.4",
            "type" : "bundle",
            "scope" : "compile",
            "optional" : false
          } ]
        }, {
          "groupId" : "org.apache.ws.xmlschema",
          "artifactId" : "xmlschema-core",
          "version" : "2.2.1.redhat-1",
          "type" : "bundle",
          "scope" : "compile",
          "optional" : false
        } ]
      }, {
        "groupId" : "org.apache.cxf",
        "artifactId" : "cxf-rt-bindings-soap",
        "version" : "3.1.5.redhat-630187",
        "type" : "bundle",
        "scope" : "compile",
        "optional" : false,
        "children" : [ {
          "groupId" : "org.apache.cxf",
          "artifactId" : "cxf-rt-wsdl",
          "version" : "3.1.5.redhat-630187",
          "type" : "bundle",
          "scope" : "compile",
          "optional" : false,
          "children" : [ {
            "groupId" : "wsdl4j",
            "artifactId" : "wsdl4j",
            "version" : "1.6.3.redhat-1",
            "type" : "jar",
            "scope" : "compile",
            "optional" : false
          } ]
        }, {
          "groupId" : "org.apache.cxf",
          "artifactId" : "cxf-rt-databinding-jaxb",
          "version" : "3.1.5.redhat-630187",
          "type" : "bundle",
          "scope" : "compile",
          "optional" : false,
          "children" : [ {
            "groupId" : "com.sun.xml.bind",
            "artifactId" : "jaxb-core",
            "version" : "2.2.11",
            "type" : "bundle",
            "scope" : "compile",
            "optional" : false
          } ]
        } ]
      }, {
        "groupId" : "org.apache.cxf",
        "artifactId" : "cxf-rt-bindings-xml",
        "version" : "3.1.5.redhat-630187",
        "type" : "bundle",
        "scope" : "compile",
        "optional" : false
      }, {
        "groupId" : "org.apache.cxf",
        "artifactId" : "cxf-rt-frontend-simple",
        "version" : "3.1.5.redhat-630187",
        "type" : "bundle",
        "scope" : "compile",
        "optional" : false
      }, {
        "groupId" : "org.apache.cxf",
        "artifactId" : "cxf-rt-ws-addr",
        "version" : "3.1.5.redhat-630187",
        "type" : "bundle",
        "scope" : "compile",
        "optional" : false,
        "children" : [ {
          "groupId" : "org.apache.cxf",
          "artifactId" : "cxf-rt-ws-policy",
          "version" : "3.1.5.redhat-630187",
          "type" : "bundle",
          "scope" : "compile",
          "optional" : false
        } ]
      } ]
    }, {
      "groupId" : "org.apache.cxf",
      "artifactId" : "cxf-rt-transports-http",
      "version" : "3.1.5.redhat-630187",
      "type" : "bundle",
      "scope" : "compile",
      "optional" : false
    }, {
      "groupId" : "com.sun.xml.bind",
      "artifactId" : "jaxb-impl",
      "version" : "2.2.11.redhat-2",
      "type" : "bundle",
      "scope" : "compile",
      "optional" : false
    }, {
      "groupId" : "org.ow2.asm",
      "artifactId" : "asm-all",
      "version" : "5.0.4",
      "type" : "bundle",
      "scope" : "compile",
      "optional" : false
    }, {
      "groupId" : "org.apache.cxf",
      "artifactId" : "cxf-rt-ws-security",
      "version" : "3.1.5.redhat-630187",
      "type" : "bundle",
      "scope" : "compile",
      "optional" : false,
      "children" : [ {
        "groupId" : "org.apache.cxf",
        "artifactId" : "cxf-rt-security-saml",
        "version" : "3.1.5.redhat-630187",
        "type" : "bundle",
        "scope" : "compile",
        "optional" : false,
        "children" : [ {
          "groupId" : "org.apache.cxf",
          "artifactId" : "cxf-rt-security",
          "version" : "3.1.5.redhat-630187",
          "type" : "bundle",
          "scope" : "compile",
          "optional" : false
        } ]
      }, {
        "groupId" : "net.sf.ehcache",
        "artifactId" : "ehcache",
        "version" : "2.10.1",
        "type" : "bundle",
        "scope" : "compile",
        "optional" : false
      }, {
        "groupId" : "org.apache.wss4j",
        "artifactId" : "wss4j-ws-security-dom",
        "version" : "2.1.5",
        "type" : "bundle",
        "scope" : "compile",
        "optional" : false,
        "children" : [ {
          "groupId" : "org.apache.wss4j",
          "artifactId" : "wss4j-ws-security-common",
          "version" : "2.1.5",
          "type" : "bundle",
          "scope" : "compile",
          "optional" : false,
          "children" : [ {
            "groupId" : "org.apache.santuario",
            "artifactId" : "xmlsec",
            "version" : "2.0.6",
            "type" : "bundle",
            "scope" : "compile",
            "optional" : false,
            "children" : [ {
              "groupId" : "commons-codec",
              "artifactId" : "commons-codec",
              "version" : "1.10.0.redhat-5",
              "type" : "bundle",
              "scope" : "compile",
              "optional" : false
            } ]
          }, {
            "groupId" : "org.opensaml",
            "artifactId" : "opensaml-saml-impl",
            "version" : "3.1.1",
            "type" : "jar",
            "scope" : "compile",
            "optional" : false,
            "children" : [ {
              "groupId" : "org.opensaml",
              "artifactId" : "opensaml-profile-api",
              "version" : "3.1.1",
              "type" : "jar",
              "scope" : "compile",
              "optional" : false,
              "children" : [ {
                "groupId" : "org.opensaml",
                "artifactId" : "opensaml-core",
                "version" : "3.1.1",
                "type" : "jar",
                "scope" : "compile",
                "optional" : false
              } ]
            }, {
              "groupId" : "org.opensaml",
              "artifactId" : "opensaml-saml-api",
              "version" : "3.1.1",
              "type" : "jar",
              "scope" : "compile",
              "optional" : false,
              "children" : [ {
                "groupId" : "org.opensaml",
                "artifactId" : "opensaml-xmlsec-api",
                "version" : "3.1.1",
                "type" : "jar",
                "scope" : "compile",
                "optional" : false
              }, {
                "groupId" : "org.opensaml",
                "artifactId" : "opensaml-soap-api",
                "version" : "3.1.1",
                "type" : "jar",
                "scope" : "compile",
                "optional" : false
              } ]
            }, {
              "groupId" : "org.opensaml",
              "artifactId" : "opensaml-security-impl",
              "version" : "3.1.1",
              "type" : "jar",
              "scope" : "compile",
              "optional" : false,
              "children" : [ {
                "groupId" : "org.opensaml",
                "artifactId" : "opensaml-security-api",
                "version" : "3.1.1",
                "type" : "jar",
                "scope" : "compile",
                "optional" : false,
                "children" : [ {
                  "groupId" : "org.cryptacular",
                  "artifactId" : "cryptacular",
                  "version" : "1.0",
                  "type" : "jar",
                  "scope" : "compile",
                  "optional" : false
                }, {
                  "groupId" : "org.bouncycastle",
                  "artifactId" : "bcprov-jdk15on",
                  "version" : "1.51",
                  "type" : "bundle",
                  "scope" : "compile",
                  "optional" : false
                } ]
              } ]
            }, {
              "groupId" : "org.opensaml",
              "artifactId" : "opensaml-xmlsec-impl",
              "version" : "3.1.1",
              "type" : "jar",
              "scope" : "compile",
              "optional" : false
            }, {
              "groupId" : "net.shibboleth.utilities",
              "artifactId" : "java-support",
              "version" : "7.1.1",
              "type" : "jar",
              "scope" : "compile",
              "optional" : false,
              "children" : [ {
                "groupId" : "com.google.guava",
                "artifactId" : "guava",
                "version" : "18.0.0.redhat-1",
                "type" : "bundle",
                "scope" : "compile",
                "optional" : false
              } ]
            } ]
          }, {
            "groupId" : "org.opensaml",
            "artifactId" : "opensaml-xacml-impl",
            "version" : "3.1.1",
            "type" : "jar",
            "scope" : "compile",
            "optional" : false,
            "children" : [ {
              "groupId" : "org.opensaml",
              "artifactId" : "opensaml-xacml-api",
              "version" : "3.1.1",
              "type" : "jar",
              "scope" : "compile",
              "optional" : false
            } ]
          }, {
            "groupId" : "org.opensaml",
            "artifactId" : "opensaml-xacml-saml-impl",
            "version" : "3.1.1",
            "type" : "jar",
            "scope" : "compile",
            "optional" : false,
            "children" : [ {
              "groupId" : "org.opensaml",
              "artifactId" : "opensaml-xacml-saml-api",
              "version" : "3.1.1",
              "type" : "jar",
              "scope" : "compile",
              "optional" : false
            } ]
          }, {
            "groupId" : "org.jasypt",
            "artifactId" : "jasypt",
            "version" : "1.9.3.redhat_3",
            "type" : "jar",
            "scope" : "compile",
            "optional" : false
          }, {
            "groupId" : "org.apache.geronimo.specs",
            "artifactId" : "geronimo-javamail_1.4_spec",
            "version" : "1.7.1",
            "type" : "bundle",
            "scope" : "compile",
            "optional" : false
          } ]
        } ]
      }, {
        "groupId" : "org.apache.wss4j",
        "artifactId" : "wss4j-policy",
        "version" : "2.1.5",
        "type" : "bundle",
        "scope" : "compile",
        "optional" : false,
        "children" : [ {
          "groupId" : "org.apache.neethi",
          "artifactId" : "neethi",
          "version" : "3.0.3",
          "type" : "bundle",
          "scope" : "compile",
          "optional" : false
        } ]
      }, {
        "groupId" : "org.apache.wss4j",
        "artifactId" : "wss4j-ws-security-stax",
        "version" : "2.1.5",
        "type" : "bundle",
        "scope" : "compile",
        "optional" : false,
        "children" : [ {
          "groupId" : "org.apache.wss4j",
          "artifactId" : "wss4j-bindings",
          "version" : "2.1.5",
          "type" : "bundle",
          "scope" : "compile",
          "optional" : false
        } ]
      }, {
        "groupId" : "org.apache.wss4j",
        "artifactId" : "wss4j-ws-security-policy-stax",
        "version" : "2.1.5",
        "type" : "bundle",
        "scope" : "compile",
        "optional" : false
      } ]
    }, {
      "groupId" : "joda-time",
      "artifactId" : "joda-time",
      "version" : "2.9.2",
      "type" : "bundle",
      "scope" : "compile",
      "optional" : false
    }, {
      "groupId" : "org.slf4j",
      "artifactId" : "slf4j-api",
      "version" : "1.7.7.redhat-2",
      "type" : "bundle",
      "scope" : "compile",
      "optional" : false
    } ]
  },
  "webContextPath" : "cxf-secure-soap",
  "useResolver" : true
}