{
  "profileId" : "quickstarts-fuse-camel.box",
  "abstractProfile" : false,
  "description" : "Camel Box.com Example",
  "parentProfiles" : [ "feature-camel" ],
  "features" : [ "camel-box" ],
  "bundles" : [ "mvn:org.jboss.quickstarts.fuse/camel-box/6.3.0.redhat-187" ],
  "minimumInstances" : 1,
  "rootDependency" : {
    "groupId" : "org.jboss.quickstarts.fuse",
    "artifactId" : "camel-box",
    "version" : "6.3.0.redhat-187",
    "type" : "bundle",
    "optional" : false,
    "children" : [ {
      "groupId" : "org.apache.camel",
      "artifactId" : "camel-blueprint",
      "version" : "2.17.0.redhat-630187",
      "type" : "bundle",
      "scope" : "compile",
      "optional" : false,
      "children" : [ {
        "groupId" : "org.apache.camel",
        "artifactId" : "camel-core",
        "version" : "2.17.0.redhat-630187",
        "type" : "bundle",
        "scope" : "compile",
        "optional" : false,
        "children" : [ {
          "groupId" : "org.slf4j",
          "artifactId" : "slf4j-api",
          "version" : "1.7.7.redhat-2",
          "type" : "bundle",
          "scope" : "compile",
          "optional" : false
        } ]
      }, {
        "groupId" : "org.apache.camel",
        "artifactId" : "camel-core-xml",
        "version" : "2.17.0.redhat-630187",
        "type" : "jar",
        "scope" : "compile",
        "optional" : false
      }, {
        "groupId" : "org.apache.camel",
        "artifactId" : "camel-core-osgi",
        "version" : "2.17.0.redhat-630187",
        "type" : "bundle",
        "scope" : "compile",
        "optional" : false
      }, {
        "groupId" : "com.sun.xml.bind",
        "artifactId" : "jaxb-core",
        "version" : "2.2.11",
        "type" : "bundle",
        "scope" : "compile",
        "optional" : false
      }, {
        "groupId" : "com.sun.xml.bind",
        "artifactId" : "jaxb-impl",
        "version" : "2.2.11.redhat-2",
        "type" : "bundle",
        "scope" : "compile",
        "optional" : false
      } ]
    } ]
  },
  "webContextPath" : "camel-box",
  "useResolver" : true
}